Feature_Site,CNS_Group_Stats,Non_CNS_Group_Stats,P_value,OR_95_CI
P2124_Z1 (Hydrophobicity),2.88 (2.51-3.64),0.92 (-2.49-2.18),0.000945,4.28 (1.47-12.51)
P1246_Z3 (Polarity),-1.29 (-3.29--1.21),0.00 (-1.14-0.57),0.00161,0.50 (0.30-0.83)
P997_Z2 (Bulkiness),1.13 (0.88-1.72),0.53 (-2.09-0.88),0.00173,2.84 (1.30-6.20)
P1711_Z1 (Hydrophobicity),-4.19 (-4.19--2.71),0.07 (-1.22-1.96),0.00182,0.53 (0.33-0.86)
P1743_Z2 (Bulkiness),1.45 (0.27-1.88),-1.03 (-1.63-0.00),0.00189,2.26 (1.30-3.93)
P2061_Z1 (Hydrophobicity),2.23 (2.07-3.03),0.07 (-1.22-2.18),0.00208,3.15 (1.24-8.00)
P1411_Z1 (Hydrophobicity),-2.69 (-4.19--0.57),0.71 (0.07-1.96),0.0021,0.59 (0.41-0.83)
P1319_Z2 (Bulkiness),1.13 (0.05-2.42),-1.03 (-1.68--1.03),0.00216,1.99 (1.26-3.13)
P1093_Z1 (Hydrophobicity),2.23 (2.21-2.55),0.07 (0.07-2.18),0.00228,2.97 (1.15-7.66)
P611_Z2 (Bulkiness),1.45 (0.46-1.98),0.39 (-2.53-0.39),0.00237,2.37 (1.20-4.70)
P282_Z3 (Polarity),0.57 (-0.34-1.60),-1.03 (-3.14--0.98),0.00243,1.94 (1.21-3.12)
P377_Z1 (Hydrophobicity),2.88 (2.51-3.15),0.92 (-2.69-2.18),0.00262,4.42 (1.06-18.44)
P2298_Z1 (Hydrophobicity),3.08 (1.11-3.64),0.00 (-4.19-0.92),0.0027,1.72 (1.12-2.64)
P354_Z1 (Hydrophobicity),-2.69 (-3.72--0.57),0.07 (0.07-2.23),0.00281,0.64 (0.47-0.86)
P398_Z1 (Hydrophobicity),-1.39 (-4.68--1.22),1.96 (-1.22-2.84),0.00302,0.67 (0.49-0.91)
P1406_Z1 (Hydrophobicity),2.84 (2.18-3.22),0.00 (-4.19-2.18),0.00324,2.14 (1.06-4.33)
P565_Z3 (Polarity),-1.40 (-2.42--1.14),0.09 (-0.98-0.30),0.00328,0.51 (0.30-0.86)
P2337_Z2 (Bulkiness),1.13 (0.56-1.35),0.00 (-1.73-0.53),0.0038,2.51 (1.30-4.85)
P1626_Z3 (Polarity),-1.40 (-3.14--1.27),0.00 (-1.40-0.30),0.00399,0.38 (0.21-0.72)
P394_Z1 (Hydrophobicity),-2.69 (-4.75--2.59),2.23 (-2.69-2.23),0.00407,0.54 (0.33-0.88)
